,Date,Capacity,Turnover,Open,High,Low,Close,Change,Transcation
0,2021-05-03,7325314,1015536773,140.4,140.4,138.1,138.25,-2.35,13729
1,2021-05-04,13831267,1893528298,138.25,138.35,135.0,137.05,-1.2,16369
2,2021-05-05,9345225,1276849685,137.05,137.3,135.7,135.75,-1.3,14960
3,2021-05-06,8216084,1121548346,136.3,137.5,135.5,136.95,1.2,9073
4,2021-05-07,7168292,995811085,138.15,139.45,137.95,139.4,2.45,6072
5,2021-05-10,4491095,622306962,139.5,139.5,138.1,138.45,-0.95,6694
6,2021-05-11,26853369,3602198584,135.75,135.8,132.6,133.25,-5.2,37645
7,2021-05-12,40085754,5136665616,132.9,132.9,121.2,129.4,-3.85,47641
8,2021-05-13,28100529,3599079125,126.25,130.0,125.0,127.5,-1.9,30520
9,2021-05-14,15790431,2035292037,128.5,130.25,127.85,128.95,1.45,16237
10,2021-05-17,32505861,4111437455,125.2,128.8,124.7,126.5,-2.45,35528
11,2021-05-18,16612226,2167982126,128.35,132.3,128.0,132.3,5.8,13448
12,2021-05-19,17193723,2261698330,132.2,132.65,130.5,131.4,-0.9,17676
13,2021-05-20,9780505,1274831292,131.35,131.4,129.7,130.5,-0.9,9207
14,2021-05-21,10248024,1358135228,132.5,133.85,131.3,132.35,1.85,7006
15,2021-05-24,10375497,1367233343,131.55,132.65,131.15,132.15,-0.2,8922
16,2021-05-25,10326420,1368221026,132.9,134.65,132.9,134.4,2.25,8064
17,2021-05-26,5246780,705851187,134.85,135.15,133.95,134.5,0.1,5468
18,2021-05-27,5858001,779436245,133.5,133.7,132.35,133.55,-0.95,6872
19,2021-05-28,9754500,1320088577,134.9,135.9,134.3,135.8,2.25,7907
20,2021-05-31,10607435,1451843105,135.8,137.55,135.8,137.1,1.3,7985
21,2021-06-01,5710574,786076633,137.2,138.1,137.2,137.7,0.6,5200
22,2021-06-02,5118006,702947369,137.8,138.0,136.65,137.7,0.0,6240
23,2021-06-03,5137777,708745556,137.95,138.45,137.5,137.6,-0.1,5273
24,2021-06-04,3268847,446605239,137.0,137.0,136.3,136.95,-0.65,5297
25,2021-06-07,10994102,1502787769,137.2,137.4,134.65,137.3,0.35,13872
26,2021-06-08,3021521,413571142,137.3,137.5,136.5,136.5,-0.8,4359
27,2021-06-09,6289449,851835109,136.3,136.3,135.05,135.5,-1.0,8909
28,2021-06-10,6953916,953274453,136.0,137.85,135.8,137.6,2.1,7526
29,2021-06-11,3427869,473613244,138.1,138.5,137.85,138.1,0.5,4811
30,2021-06-15,4126481,572346206,138.6,139.0,138.4,138.85,0.75,6371
31,2021-06-16,7330366,1016261767,138.7,138.95,138.15,138.7,-0.15,7048
32,2021-06-17,3283653,452105710,137.8,138.3,137.15,138.3,-0.4,4057
33,2021-06-18,2249578,310815371,138.85,138.85,137.95,138.0,-0.3,3350
34,2021-06-21,16678832,2255922407,136.9,137.0,134.6,134.7,-3.3,25994
35,2021-06-22,6078865,820657527,135.6,136.05,134.5,134.85,0.15,9047
36,2021-06-23,6517135,887399669,135.0,137.15,134.8,137.05,2.2,5282
37,2021-06-24,6289676,861039047,137.05,137.25,136.45,136.7,-0.35,4263
38,2021-06-25,6623437,911180118,137.45,137.95,136.7,136.95,0.25,6284
39,2021-06-28,4090101,560920233,137.0,137.5,136.5,137.2,0.25,4724
40,2021-06-29,9131032,1259391696,137.9,138.7,137.3,137.6,0.4,5881
41,2021-06-30,9756709,1355932363,138.1,139.35,138.05,138.95,1.35,8757
42,2021-07-01,4680733,649025587,139.0,139.2,138.05,138.3,-0.65,5327
43,2021-07-02,4826430,667110798,138.3,138.5,137.9,138.3,0.0,4137
44,2021-07-05,7881941,1100359360,138.75,140.0,138.75,139.6,1.3,8455
45,2021-07-06,6551731,915548456,139.85,140.05,139.45,139.75,0.15,6171
46,2021-07-07,6776193,942786963,139.6,139.65,138.6,139.0,-0.75,5825
47,2021-07-08,4085141,567119389,139.15,139.5,138.2,138.85,-0.15,4262
48,2021-07-09,7176503,986007526,137.9,137.9,136.95,137.75,-1.1,11004
49,2021-07-12,13736653,1913348729,139.05,140.05,138.55,139.0,1.25,12106
50,2021-07-13,14007902,1968576900,140.0,141.0,139.95,140.15,1.15,12312
51,2021-07-14,9604503,1350159685,140.2,141.1,140.15,140.5,0.35,8329
52,2021-07-15,12338667,1746117456,140.95,141.85,140.8,141.8,1.3,13045
53,2021-07-16,9507234,1327200973,139.8,140.0,139.05,139.9,-1.9,10629
54,2021-07-19,10856715,1500042445,139.0,139.2,137.55,138.3,-1.6,14186
55,2021-07-20,8443543,1160744460,137.8,138.3,137.05,137.2,-1.1,14659
56,2021-07-21,13271874,1813074896,138.0,138.0,136.1,136.7,0.0,20448
57,2021-07-22,6243365,862215168,137.8,138.55,137.25,137.65,0.95,4741
58,2021-07-23,3242961,446860983,138.05,138.3,137.35,137.65,0.0,4939
59,2021-07-26,12149739,1661811908,137.75,138.05,136.25,136.45,-1.2,17915
60,2021-07-27,10677894,1457154226,136.5,137.05,136.05,136.4,-0.05,12162
61,2021-07-28,31583968,4245231662,136.1,136.1,133.75,134.25,-2.15,38726
62,2021-07-29,10889344,1480352131,135.85,136.6,135.25,136.5,2.25,7383
63,2021-07-30,4040055,550974846,136.6,136.6,136.0,136.05,-0.45,4798
64,2021-08-02,7376244,1011342122,137.0,138.0,136.05,137.9,1.85,5273
65,2021-08-03,6224382,859255808,137.95,138.45,137.7,138.45,0.55,5115
66,2021-08-04,5642671,784584423,138.65,139.3,138.45,139.25,0.8,5413
67,2021-08-05,5840987,813087525,139.25,139.45,138.85,139.0,-0.25,6400
68,2021-08-06,4031604,558390394,138.9,139.0,137.8,138.8,-0.2,5590
69,2021-08-09,5186503,714762861,138.2,138.55,136.7,138.4,-0.4,5861
70,2021-08-10,2676946,369136949,138.45,138.5,137.5,137.65,-0.75,6027
71,2021-08-11,3867154,529729666,137.35,137.65,136.6,137.2,-0.45,7131
72,2021-08-12,2376688,325349900,137.2,137.25,136.5,136.95,-0.25,4386
73,2021-08-13,7816273,1061673383,136.6,136.85,135.55,135.65,-1.3,16810
74,2021-08-16,11135323,1506240702,135.5,135.75,134.9,135.35,-0.3,14444
75,2021-08-17,13757654,1854533694,135.4,135.5,134.3,134.35,-1.0,20363
76,2021-08-18,22162774,2958372270,133.6,134.95,132.45,134.9,0.55,20199
77,2021-08-19,28091032,3719709802,134.5,134.5,131.6,131.8,-3.1,41771
78,2021-08-20,16501498,2163648386,132.2,132.8,130.2,130.75,-1.05,20673
79,2021-08-23,6086614,814769062,132.25,134.45,132.15,134.35,3.6,7827
80,2021-08-24,5086550,685956249,135.2,135.35,134.6,134.75,0.4,4866
81,2021-08-25,7031858,954442277,135.15,136.1,135.15,136.05,1.3,6772
82,2021-08-26,7276078,997127716,137.45,138.0,136.35,137.0,0.95,6899
83,2021-08-27,16875047,2328482421,136.7,138.5,136.45,138.15,1.15,9673
84,2021-08-30,21974199,3054444066,138.65,139.5,138.45,139.5,1.35,15333
85,2021-08-31,16604451,2314461154,139.4,140.35,138.1,140.35,0.85,12191
86,2021-09-01,18843757,2654655259,140.15,141.3,140.05,141.0,0.65,13396
87,2021-09-02,7218178,1015442778,140.9,141.4,139.9,139.9,-1.1,6517
88,2021-09-03,11543959,1634417680,140.65,142.1,140.45,141.9,2.0,10027
89,2021-09-06,14283400,2037715398,141.9,143.5,141.6,142.55,0.65,14230
90,2021-09-07,8413574,1194822412,142.8,142.8,141.45,141.9,-0.65,7538
91,2021-09-08,7239389,1019366042,141.75,142.0,139.95,140.65,-1.25,9015
92,2021-09-09,3194199,447668012,139.65,141.0,139.3,140.3,-0.35,4400
93,2021-09-10,3165128,448120950,140.7,142.1,140.5,141.95,1.65,5203
94,2021-09-13,3348806,473494037,141.85,141.85,141.15,141.45,-0.5,3899
95,2021-09-14,2513428,356460422,141.85,142.2,141.35,141.6,0.15,2824
96,2021-09-15,12135597,1709846643,141.3,141.45,140.4,140.75,-0.85,12872
97,2021-09-16,8202035,1150003927,140.8,141.0,139.75,140.1,-0.65,6836
98,2021-09-17,3858456,541563536,140.1,141.05,139.5,140.5,0.4,3815
99,2021-09-22,25084805,3435002639,137.1,137.6,136.3,137.2,-3.3,28707
100,2021-09-23,5915660,816669288,138.0,138.5,137.6,138.0,0.8,5666
101,2021-09-24,6297547,877424900,138.8,139.65,138.7,139.65,1.65,4748
102,2021-09-27,11877695,1660910631,139.85,140.35,139.2,140.0,0.35,6647
103,2021-09-28,17896339,2484681382,139.25,139.35,138.25,139.0,-1.0,6867
104,2021-09-29,31469085,4284361418,136.9,136.9,135.45,136.0,-3.0,43917
105,2021-09-30,16919613,2303685576,136.3,137.1,135.2,137.05,1.05,9983
106,2021-10-01,28939270,3888671030,136.3,136.3,133.65,133.95,-3.1,44143
107,2021-10-04,24299469,3240409636,134.7,134.8,132.85,133.15,-0.8,27766
108,2021-10-05,28469257,3753464098,132.0,133.0,130.9,132.95,-0.2,36809
109,2021-10-06,22785877,3024603640,134.0,134.0,132.0,133.0,0.05,24818
110,2021-10-07,13826376,1866323932,134.05,135.6,133.95,135.35,2.35,9745
111,2021-10-08,7988089,1075930310,135.65,135.65,133.95,134.2,-1.15,9574
112,2021-10-12,11588565,1533572691,132.7,133.15,131.6,132.85,-1.35,16091
113,2021-10-13,5741940,761389812,133.4,133.6,132.15,132.4,-0.45,9324
114,2021-10-14,3441729,457703545,133.5,133.7,132.5,132.75,0.35,5211
115,2021-10-15,13728479,1862428212,134.65,136.35,134.3,136.25,3.5,11985
116,2021-10-18,5450752,743028806,136.7,136.9,135.6,135.85,-0.4,6738
117,2021-10-19,8666121,1186479700,136.2,137.25,136.05,136.95,1.1,5866
118,2021-10-20,14674356,2008846387,137.05,137.3,136.45,136.6,-0.35,11922
119,2021-10-21,13292564,1823893063,136.7,137.8,136.1,136.1,-0.5,9180
120,2021-10-22,5321361,725081014,136.25,136.75,135.65,136.5,0.4,4657
121,2021-10-25,7522325,1022937288,136.0,136.7,135.2,136.4,-0.1,7124
122,2021-10-26,10797704,1483480452,136.65,137.75,136.6,137.55,1.15,9789
123,2021-10-27,7527789,1031896075,136.95,137.55,136.7,137.55,0.0,5876
124,2021-10-28,4597622,630055512,137.45,137.65,136.6,137.15,-0.4,5081
125,2021-10-29,5145743,699434063,137.05,137.05,135.35,135.8,-1.35,6484
126,2021-11-01,3142335,428929269,136.2,136.75,136.2,136.5,0.7,3530
127,2021-11-02,4154241,569049842,136.8,137.65,136.15,136.25,-0.25,5150
128,2021-11-03,2399598,328234276,136.4,137.0,136.4,136.6,0.35,2724
129,2021-11-04,2662461,364046342,137.25,137.5,136.15,136.15,-0.45,4093
130,2021-11-05,11655592,1603293234,137.1,138.2,136.8,138.1,1.95,11698
131,2021-11-08,7721327,1072307464,138.2,139.2,138.2,139.2,1.1,8260
132,2021-11-09,12860159,1810403187,140.15,141.2,140.1,140.7,1.5,11831
133,2021-11-10,5594835,785319940,140.65,140.65,140.0,140.5,-0.2,7203
134,2021-11-11,4600441,640820755,139.1,139.75,138.8,139.25,-1.25,4898
135,2021-11-12,5886568,825588673,139.9,140.8,139.5,139.7,0.45,5407
136,2021-11-15,6780991,955946488,140.55,141.25,140.55,140.95,1.25,8393
137,2021-11-16,6013400,849180129,140.95,141.45,140.8,141.2,0.25,6529
138,2021-11-17,27642686,3911651162,141.3,141.7,141.15,141.65,0.45,21969
139,2021-11-18,6242847,887241873,141.75,142.55,141.65,142.45,0.8,7912
140,2021-11-19,6253607,894594272,143.5,143.55,142.65,142.8,0.35,7531
141,2021-11-22,3868526,551655567,142.7,142.9,142.4,142.45,-0.35,6318
142,2021-11-23,4701595,664821080,142.0,142.0,141.05,141.1,-1.35,6686
143,2021-11-24,3224697,453478983,141.1,141.15,140.15,140.5,-0.6,5362
144,2021-11-25,2612776,366609846,140.5,140.9,140.0,140.45,-0.05,4293
145,2021-11-26,12594105,1745167285,139.55,139.85,137.95,138.15,-2.3,22155
146,2021-11-29,11534852,1593014716,137.6,138.8,137.5,138.15,0.0,10364
147,2021-11-30,10539304,1460465604,138.8,139.6,137.85,138.0,-0.15,8776
148,2021-12-01,4329326,603377795,138.1,140.5,138.05,140.3,2.3,5203
149,2021-12-02,9133260,1292045173,140.1,141.95,139.7,141.8,1.5,9601
150,2021-12-03,4946614,700928903,141.95,142.15,141.1,141.75,-0.05,4496
151,2021-12-06,4060985,573477544,140.7,141.9,140.0,141.35,-0.4,7070
152,2021-12-07,3157948,444889939,141.35,141.8,140.35,141.8,0.45,4881
153,2021-12-08,11183297,1596995575,143.1,143.6,142.3,142.35,0.55,9108
154,2021-12-09,4675110,664504401,142.45,142.65,141.7,142.0,-0.35,4259
155,2021-12-10,3436577,487665365,141.8,142.1,141.35,141.95,-0.05,4855
156,2021-12-13,4759881,676100133,142.2,142.45,141.5,141.5,-0.45,5027
157,2021-12-14,5027334,705014383,140.35,140.7,139.95,140.1,-1.4,9424
158,2021-12-15,10117615,1416798965,140.1,140.6,139.7,140.3,0.2,11074
159,2021-12-16,5763811,816635782,141.35,142.05,141.15,142.05,1.75,6419
160,2021-12-17,4979845,706093154,141.55,142.0,141.2,141.9,-0.15,5392
161,2021-12-20,4582532,645465862,141.8,141.85,140.3,140.65,-1.25,7866
162,2021-12-21,6716896,951161400,140.7,141.95,140.7,141.85,1.2,4760
163,2021-12-22,4146304,588113850,141.95,142.0,141.65,141.85,0.0,3235
164,2021-12-23,14116987,2012988793,142.75,143.2,142.25,142.65,0.8,5310
165,2021-12-24,12807935,1835254135,143.0,143.6,142.95,143.05,0.4,8437
166,2021-12-27,6838963,984397159,143.2,144.25,143.1,144.15,1.1,8693
167,2021-12-28,22888176,3315969575,144.3,145.3,144.3,145.3,1.15,9328
168,2021-12-29,22807731,3319821967,145.45,146.15,145.05,145.95,0.65,7510
169,2021-12-30,6421410,935379902,145.95,146.0,145.35,145.5,-0.45,5369
170,2022-01-03,7064552,1034974917,146.0,147.35,146.0,146.4,0.9,8298
171,2022-01-04,10122789,1507398153,147.7,149.6,147.7,149.6,3.2,10438
172,2022-01-05,11730618,1755680824,150.1,150.55,149.1,149.3,-0.3,12614
173,2022-01-06,9085138,1342084958,148.3,148.75,147.0,147.9,-1.4,13496
174,2022-01-07,7435645,1095365963,148.3,149.0,146.5,146.6,-1.3,12008
175,2022-01-10,15979639,2346043879,146.0,147.8,145.4,147.55,0.95,8675
176,2022-01-11,17984061,2655717032,147.6,148.5,146.7,148.3,0.75,8365
177,2022-01-12,10326119,1541003375,149.35,149.6,148.7,149.55,1.25,6551
178,2022-01-13,7680333,1152220355,149.55,150.45,149.55,150.3,0.75,7281
179,2022-01-14,10400081,1560843189,150.8,151.2,149.05,150.3,0.0,9178
180,2022-01-17,7202412,1093229361,151.1,152.4,151.1,152.0,1.7,9817
181,2022-01-18,14811991,2242827500,152.2,152.25,150.15,150.3,-1.7,12127
182,2022-01-19,15371288,2288127587,149.0,149.65,148.25,148.5,-1.8,18846
183,2022-01-20,16845120,2499682717,148.5,149.2,147.6,149.1,0.6,16497
184,2022-01-21,32475644,4649317826,143.9,143.95,142.3,142.65,0.0,53966
185,2022-01-24,13767241,1965019247,142.1,144.0,141.7,144.0,1.35,17460
186,2022-01-25,25646145,3632621711,142.55,142.55,141.25,141.65,-2.35,39744
187,2022-01-26,18559075,2629997366,141.15,142.2,141.05,141.55,-0.1,21586
188,2022-02-07,25312461,3593629562,142.6,142.8,141.2,142.3,0.75,27821
189,2022-02-08,11521967,1648442209,143.3,143.5,142.8,142.9,0.6,12271
190,2022-02-09,8470497,1211943126,143.5,143.5,142.65,143.4,0.5,10362
191,2022-02-10,6325130,912680055,143.9,145.05,143.5,145.05,1.65,9065
192,2022-02-11,4556282,659321520,144.7,145.05,144.05,144.95,-0.1,6376
193,2022-02-14,12907152,1841179721,143.95,143.95,142.2,142.7,-2.25,23175
194,2022-02-15,8139525,1160338475,142.7,143.2,141.95,142.05,-0.65,16664
195,2022-02-16,6906308,995478507,143.9,144.45,143.8,144.4,2.35,9252
196,2022-02-17,5161916,746195906,144.4,145.0,144.0,144.5,0.1,7328
197,2022-02-18,4068622,584581991,143.5,144.15,143.05,144.1,-0.4,5997
198,2022-02-21,4807904,689347421,143.45,143.85,142.8,143.8,-0.3,8772
199,2022-02-22,20814988,2943619804,142.6,142.65,140.75,141.85,-1.95,42631
200,2022-02-23,4803500,681745270,141.85,142.4,141.65,142.25,0.4,8142
201,2022-02-24,32725876,4565434642,141.1,141.1,138.3,138.8,-3.45,67346
202,2022-02-25,24731645,3424810229,139.05,139.2,137.85,138.5,-0.3,43146
203,2022-03-01,8694504,1218632723,139.05,140.8,138.85,140.45,1.95,12259
204,2022-03-02,6778502,946372757,140.0,140.1,139.2,139.65,-0.8,14073
205,2022-03-03,4742921,664351237,140.5,140.8,139.85,139.95,0.3,7830
206,2022-03-04,14283278,1977417838,138.5,138.85,137.95,138.45,-1.5,33012
207,2022-03-07,57431892,7712383575,136.9,136.9,133.75,134.0,-4.45,104615
208,2022-03-08,46246906,6098512055,132.45,133.15,131.0,131.15,-2.85,86528
209,2022-03-09,22656321,3007269415,132.2,133.25,132.2,132.5,1.35,33257
210,2022-03-10,15177320,2065524204,135.2,136.55,135.2,136.35,3.85,20830
211,2022-03-11,11806594,1591939591,135.85,135.85,134.2,134.4,-1.95,24453
212,2022-03-14,9183817,1235380453,135.0,135.35,134.0,134.4,0.0,14005
213,2022-03-15,26456827,3486775988,133.15,133.15,131.4,131.65,-2.75,58815
214,2022-03-16,20364324,2682635242,133.2,133.25,131.1,132.2,0.55,31163
215,2022-03-17,14459851,1962595410,135.45,136.5,135.2,136.4,4.2,14613
216,2022-03-18,12975464,1765126941,136.6,136.6,135.5,136.1,-0.3,9547
217,2022-03-21,8071045,1108232637,136.8,137.65,136.8,137.0,0.9,9955
218,2022-03-22,6251029,854443656,136.8,137.0,136.3,136.8,-0.2,6431
219,2022-03-23,10632461,1467263732,137.6,138.35,137.55,138.1,1.3,10787
220,2022-03-24,4479584,616438268,137.5,138.1,137.05,138.0,-0.1,5982
221,2022-03-25,5074402,701035397,138.4,138.5,137.9,138.2,0.2,7142
222,2022-03-28,11194840,1523419805,137.0,137.0,135.55,136.7,-1.5,17862
223,2022-03-29,6644012,909712955,137.0,137.2,136.6,136.85,0.15,6574
224,2022-03-30,8498372,1176292567,138.05,138.7,138.05,138.55,1.7,8633
225,2022-03-31,3748776,518591902,138.55,138.65,138.1,138.1,-0.45,5426
226,2022-04-01,8220571,1123614950,136.6,136.95,136.15,136.95,-1.15,11446
227,2022-04-06,12266186,1663822127,135.25,136.35,135.0,136.25,-0.7,18875
228,2022-04-07,16680908,2243105321,135.1,135.1,133.8,133.8,-2.45,41548
229,2022-04-08,9480787,1270359704,134.1,134.55,133.75,134.55,0.75,12982
230,2022-04-11,18450771,2451482093,134.15,134.45,132.2,132.45,-2.1,38851
231,2022-04-12,15367279,2032841606,132.15,132.85,131.6,132.55,0.1,25468
232,2022-04-13,7246152,975028417,133.4,135.2,133.2,135.05,2.5,8734
233,2022-04-14,5235079,705835063,135.75,135.75,134.55,134.55,-0.5,7392
234,2022-04-15,22334668,2955902166,132.85,133.05,132.0,132.25,-2.3,37007
235,2022-04-18,19495870,2565078259,132.0,132.25,131.15,131.55,-0.7,33455
236,2022-04-19,9433361,1248058966,132.25,132.95,131.85,132.0,0.45,11022
237,2022-04-20,7104382,939528194,132.2,132.7,131.65,132.65,0.65,10235
238,2022-04-21,4226570,562769738,133.25,133.6,132.65,132.75,0.1,6277
239,2022-04-22,12398307,1626054746,131.4,131.75,130.85,131.6,-1.15,24219
240,2022-04-25,35058202,4525920924,130.0,130.05,128.65,129.25,-2.35,58198
241,2022-04-26,10361395,1339825860,129.75,129.8,128.85,129.25,0.0,20563
242,2022-04-27,31244250,3953298339,127.0,127.0,126.05,126.55,-2.7,50065
243,2022-04-28,12311754,1559363486,127.35,127.4,125.95,127.1,0.55,16772
244,2022-04-29,12271215,1582008363,128.9,129.5,128.25,128.75,1.65,12017
245,2022-05-03,7021550,898507584,128.55,128.7,127.45,127.8,-0.95,16878
246,2022-05-04,10324829,1319173779,128.3,128.45,127.5,127.8,0.0,14820
247,2022-05-05,6508490,841880402,129.5,129.8,128.95,129.25,1.45,9252
248,2022-05-06,18804033,2373840312,126.45,126.85,125.95,126.65,-2.6,37094
249,2022-05-09,14256432,1778657382,125.5,125.55,124.5,124.55,-2.1,30644
250,2022-05-10,14865244,1826485304,122.15,124.1,121.55,124.0,-0.55,24937
251,2022-05-11,8458090,1047528803,123.85,124.45,123.3,124.2,0.2,11241
252,2022-05-12,13693487,1672599238,123.0,123.0,121.2,121.25,-2.95,36619
253,2022-05-13,7332122,894972932,122.1,122.35,121.55,122.35,1.1,9914
254,2022-05-16,6085859,750214036,123.45,124.0,122.5,123.0,0.65,11536
255,2022-05-17,4399419,545917041,123.15,124.5,123.15,124.35,1.35,7213
256,2022-05-18,6600381,829207469,125.35,126.0,125.25,125.7,1.35,9484
257,2022-05-19,7894711,972266714,123.45,123.8,122.65,123.3,-2.4,15517
258,2022-05-20,3867232,481189963,123.75,124.95,123.65,124.65,1.35,6285
259,2022-05-23,2859330,357757749,125.3,125.6,124.5,124.9,0.25,5281
260,2022-05-24,5469914,678348751,125.0,125.2,123.4,123.5,-1.4,10831
261,2022-05-25,2724739,338285381,123.7,124.7,123.45,124.45,0.95,5121
262,2022-05-26,6240375,771156008,125.0,125.0,122.85,122.9,-1.55,11824
263,2022-05-27,11895801,1491077052,124.15,125.8,124.05,125.5,2.6,10471
264,2022-05-30,14840687,1896337486,127.25,128.6,127.05,128.55,3.05,13098
265,2022-05-31,7233052,930745401,128.45,129.8,127.6,129.8,1.25,8069
266,2022-06-01,6730117,872404015,129.3,130.05,129.0,129.15,-0.65,8809
267,2022-06-02,4721923,604071385,128.45,128.45,127.6,127.8,-1.35,7275
268,2022-06-06,4292361,550968083,128.25,129.0,127.45,128.7,0.9,8948
269,2022-06-07,5160242,656817533,127.95,127.95,126.85,127.4,-1.3,9097
270,2022-06-08,4110313,529293647,128.5,129.1,128.15,128.8,1.4,4841
271,2022-06-09,2056798,263676687,128.2,128.5,127.65,128.4,-0.4,3858
272,2022-06-10,4616549,585983475,126.8,127.4,126.4,127.1,-1.3,10027
273,2022-06-13,18437079,2280313744,124.1,124.25,123.45,123.55,-3.55,32400
274,2022-06-14,12474631,1529735542,122.6,123.55,122.1,123.35,-0.2,17066
275,2022-06-15,9373128,1153315986,123.0,123.6,122.65,122.75,-0.6,15559
276,2022-06-16,13116110,1620183258,124.1,125.0,122.25,122.5,-0.25,14401
277,2022-06-17,21263720,2569840589,121.0,121.5,120.4,120.85,-1.65,35146
278,2022-06-20,11621643,1395030566,120.9,120.95,119.5,119.75,-1.1,23697
279,2022-06-21,6691755,812035105,120.95,122.2,120.35,122.2,2.45,8127
280,2022-06-22,16172586,1939003203,121.7,121.7,119.35,119.5,-2.7,24790
281,2022-06-23,18053581,2134106169,119.8,119.8,117.25,117.9,-1.6,28068
282,2022-06-24,11166572,1324805066,118.65,119.3,117.95,118.15,0.25,10504
283,2022-06-27,16926661,2049732101,119.8,121.45,119.8,120.95,2.8,17198
284,2022-06-28,11140021,1333751369,120.8,120.8,119.25,119.8,-1.15,13216
285,2022-06-29,6670681,793045377,118.7,119.55,118.5,118.8,-1.0,10563
286,2022-06-30,22064782,2563829835,117.7,117.8,115.5,115.8,-3.0,36330
287,2022-07-01,36878756,4168809309,115.65,115.65,111.2,111.55,-4.25,51585
288,2022-07-04,27456531,3044859233,111.25,112.2,110.0,110.45,-1.1,28717
289,2022-07-05,17050908,1887614040,112.55,112.95,109.0,111.0,0.55,21122
290,2022-07-06,16720163,1831687490,111.0,111.05,108.45,108.85,-2.15,28951
291,2022-07-07,13797274,1529508284,109.45,112.15,108.55,112.1,3.25,13307
292,2022-07-08,10632316,1204020139,113.3,113.9,112.3,113.25,1.15,13149
293,2022-07-11,8031808,904913578,113.65,113.7,111.85,112.25,-1.0,12407
294,2022-07-12,12036545,1321731606,110.95,110.95,109.15,109.55,-2.7,20560
295,2022-07-13,25339925,2868407778,113.0,113.65,112.6,113.45,3.9,18017
296,2022-07-14,15117665,1713783782,112.7,114.25,111.8,114.0,0.55,12765
297,2022-07-15,19084676,2192351516,114.6,115.65,113.75,115.5,1.5,16864
298,2022-07-18,22677308,2593194353,114.65,114.85,113.95,114.2,0.0,21124
299,2022-07-19,13479392,1540004175,113.95,114.65,113.6,114.3,0.1,13416
300,2022-07-20,17257016,1993667626,115.85,116.2,114.7,115.05,0.75,15086
301,2022-07-21,9016500,1043315930,115.4,116.35,115.0,116.35,1.3,8960
302,2022-07-22,15904768,1855616035,116.6,117.2,116.3,116.8,0.45,13658
303,2022-07-25,10845215,1264021428,116.3,116.95,116.0,116.7,-0.1,13409
304,2022-07-26,13077161,1513988792,116.6,116.6,115.3,115.65,-1.05,16321
305,2022-07-27,8102634,939120906,115.5,116.7,115.15,116.7,1.05,6945
306,2022-07-28,8557891,1004795134,117.85,117.95,116.9,116.9,0.2,8632
307,2022-07-29,8291615,979364354,118.15,118.5,117.65,118.0,1.1,8204
308,2022-08-01,9841470,1157739155,118.1,118.1,117.2,117.65,-0.35,8720
309,2022-08-02,18600451,2149115164,116.55,116.55,115.1,115.55,-2.1,22146
310,2022-08-03,8100057,939263431,115.65,116.25,115.5,116.25,0.7,7600
311,2022-08-04,7108342,826140065,116.35,116.8,115.2,116.55,0.3,7988
312,2022-08-05,9625538,1143739838,118.0,119.5,117.9,119.5,2.95,10809
313,2022-08-08,8966011,1066313383,119.0,119.25,118.3,119.25,-0.25,10279
314,2022-08-09,8186879,971998418,118.4,119.5,118.0,119.15,-0.1,9920
315,2022-08-10,7796649,919415561,118.0,118.2,117.5,117.9,-1.25,13624
316,2022-08-11,10957384,1314562900,119.8,120.45,119.6,120.05,2.15,8947
317,2022-08-12,8598361,1038027809,120.55,121.0,120.3,120.8,0.75,7656
318,2022-08-15,9837499,1198033224,121.45,122.1,121.25,121.9,1.1,10575
319,2022-08-16,10114278,1235256112,122.0,122.3,121.9,122.1,0.2,10769
320,2022-08-17,14115407,1723131119,122.1,122.3,121.8,122.15,0.05,14681
321,2022-08-18,5637817,683651223,121.4,121.45,120.95,121.35,-0.8,9013
322,2022-08-19,4315583,523948759,121.25,122.0,120.9,121.55,0.2,7401
323,2022-08-22,8972758,1076431037,120.0,120.25,119.7,119.8,-1.75,19855
324,2022-08-23,11095739,1314798887,118.55,119.0,118.2,118.2,-1.6,18728
325,2022-08-24,7558746,892619974,118.8,118.95,117.65,117.9,-0.3,12385
326,2022-08-25,5143118,611992350,118.5,119.45,118.45,119.0,1.1,6976
327,2022-08-26,10173674,1219207855,119.85,120.1,119.45,119.6,0.6,7601
328,2022-08-29,17248914,2007953600,116.25,116.95,116.0,116.55,-3.05,31024
329,2022-08-30,12722112,1482741825,116.55,117.2,116.2,116.75,0.2,14210
330,2022-08-31,7324798,854472563,115.95,117.6,115.8,117.6,0.85,8421
331,2022-09-01,23181870,2670144230,115.5,115.6,114.75,115.15,-2.45,41161
332,2022-09-02,15351769,1755500653,115.1,115.1,113.85,113.9,-1.25,29767
333,2022-09-05,9508218,1084987846,114.1,114.75,113.7,114.15,0.25,14479
334,2022-09-06,6757649,775277096,114.8,115.4,114.25,114.9,0.75,8756
335,2022-09-07,17431510,1960146749,113.1,113.15,112.1,112.2,-2.7,37500
336,2022-09-08,7535495,849210347,113.05,113.05,112.4,113.0,0.8,9354
337,2022-09-12,7850900,905418862,115.3,115.65,115.0,115.4,2.4,10707
338,2022-09-13,4768515,553524212,116.1,116.4,115.75,116.0,0.6,6854
339,2022-09-14,11875719,1347366608,113.05,113.95,112.8,113.65,-2.35,19904
340,2022-09-15,4051460,460557461,113.5,114.25,113.2,113.85,0.2,9633
341,2022-09-16,13858212,1558832568,112.65,112.85,112.3,112.55,-1.3,22320
342,2022-09-19,7705465,864575077,112.95,112.95,111.9,112.05,-0.5,15283
343,2022-09-20,5999746,675492164,112.55,113.15,112.25,113.05,1.0,7093
344,2022-09-21,11672155,1309037173,112.8,112.8,111.8,112.1,-0.95,17348
345,2022-09-22,16093771,1772402603,110.4,110.75,109.5,110.75,-1.35,25277
346,2022-09-23,15826978,1738392677,110.25,110.35,109.35,109.7,-1.05,27136
347,2022-09-26,21804952,2343738865,108.05,108.05,107.15,107.65,-2.05,40858
348,2022-09-27,9580153,1029687583,107.8,107.95,107.0,107.5,-0.15,14707
349,2022-09-28,20345587,2153739170,107.6,107.65,105.25,105.25,-2.25,32676
350,2022-09-29,11208229,1180322655,106.45,106.45,104.6,104.9,-0.35,18926
351,2022-09-30,13648874,1411909885,103.3,103.9,103.0,103.45,-1.45,22436
352,2022-10-03,11975969,1228448047,102.5,103.6,102.05,102.2,-1.25,21869
353,2022-10-04,7833142,819071391,104.55,104.8,104.1,104.8,2.6,9472
354,2022-10-05,11194438,1200114972,106.5,107.85,106.35,107.25,2.45,14935
355,2022-10-06,8691035,937261167,107.8,108.0,107.5,108.0,0.75,9150
356,2022-10-07,9160530,976696727,107.4,107.4,106.1,106.2,-1.8,12082
357,2022-10-11,34441616,3486069852,102.0,102.15,100.5,100.7,-5.5,60659
358,2022-10-12,14465314,1447866459,100.4,100.7,99.55,100.2,-0.5,24580
359,2022-10-13,22325644,2221287940,100.55,100.55,99.0,99.0,-1.2,33100
360,2022-10-14,11783757,1199217211,101.75,102.3,101.1,101.85,2.85,13154
361,2022-10-17,20644755,2056968004,99.95,100.1,99.05,99.95,-1.9,26913
362,2022-10-18,6617063,666287430,101.5,101.55,99.95,101.1,1.15,7799
363,2022-10-19,16168656,1619067920,100.8,101.0,99.55,99.75,-1.35,18345
364,2022-10-20,20052215,1965292155,98.2,99.45,97.35,99.2,-0.55,25107
365,2022-10-21,12689251,1258389294,99.3,99.85,98.7,98.9,-0.3,13697
366,2022-10-24,17387205,1726288183,100.75,100.8,98.6,98.6,-0.3,11595
367,2022-10-25,21366539,2076591671,98.6,98.6,96.5,96.7,-1.9,29831
368,2022-10-26,11205246,1090637092,96.85,98.0,96.5,97.6,0.9,10428
369,2022-10-27,8254594,817258776,98.5,99.35,98.5,99.0,1.4,8458
370,2022-10-28,12102185,1184927619,98.6,98.6,97.25,97.75,-1.25,16292
371,2022-10-31,10298898,1018326324,98.85,99.35,98.1,99.05,1.3,7670
372,2022-11-01,8491868,845001137,98.85,99.95,98.8,99.6,0.55,7547
373,2022-11-02,7245488,722735676,99.6,100.05,99.4,100.0,0.4,6862
374,2022-11-03,14068192,1387625383,98.5,98.85,98.35,98.7,-1.3,14353
375,2022-11-04,6727808,660289654,98.1,98.95,97.5,98.85,0.15,8800
376,2022-11-07,12464513,1250474948,99.8,100.85,99.55,100.55,1.7,13601
377,2022-11-08,10726648,1090564061,101.45,101.95,101.25,101.6,1.05,10717
378,2022-11-09,19308833,2005296271,102.55,104.5,102.55,104.5,2.9,13949
379,2022-11-10,15112976,1563929803,103.45,103.85,103.2,103.5,-1.0,14597
380,2022-11-11,35134524,3816107828,108.55,109.0,107.8,109.0,5.5,24303
381,2022-11-14,18631343,2048246202,109.8,110.4,109.4,110.0,1.0,14745
382,2022-11-15,34799438,3949308928,111.2,114.95,111.2,114.7,4.7,30474
383,2022-11-16,24251504,2780841398,115.0,115.75,113.85,114.5,-0.2,22139
384,2022-11-17,13741730,1563715421,113.95,114.65,112.85,114.55,0.05,12743
385,2022-11-18,10968139,1260274871,114.9,115.85,114.05,114.25,-0.3,9494
386,2022-11-21,8978435,1024589996,114.35,114.65,113.7,113.85,-0.4,8696
387,2022-11-22,5798244,662093232,113.4,115.0,113.05,114.8,0.95,7049
388,2022-11-23,8224840,950304384,115.65,115.9,115.05,115.6,0.8,8001
389,2022-11-24,15641447,1817903787,116.0,116.85,115.9,116.7,1.1,12365
390,2022-11-25,16343906,1907311237,116.65,116.95,116.35,116.7,0.0,11202
391,2022-11-28,15627449,1790790160,114.6,115.3,113.9,114.35,-2.35,19654
392,2022-11-29,10926996,1249914581,113.85,115.4,113.1,115.4,1.05,10582
393,2022-11-30,9535815,1105729102,115.1,116.4,114.85,116.35,0.95,7145
394,2022-12-01,25136792,2986426381,119.2,119.5,118.0,118.35,2.0,15943
395,2022-12-02,7796015,915125681,117.3,117.95,117.0,117.3,-1.05,9334
396,2022-12-05,12330303,1453977570,117.3,118.5,117.2,117.45,0.15,13386
397,2022-12-06,10637488,1233830310,116.8,116.8,115.2,115.3,-2.15,18014
398,2022-12-07,8636949,992227828,114.5,115.85,114.2,114.6,-0.7,11453
399,2022-12-08,9682884,1095896374,114.05,114.1,112.45,113.25,-1.35,15434
400,2022-12-09,6394176,733944261,114.0,115.25,113.95,115.0,1.75,6619
401,2022-12-12,8764346,996031881,114.2,114.2,113.25,113.9,-1.1,10800
402,2022-12-13,6860743,780649790,114.5,114.5,113.25,113.4,-0.5,9245
403,2022-12-14,8037662,921921559,114.1,115.0,114.0,114.8,1.4,5821
404,2022-12-15,8045621,920687808,114.3,115.05,113.9,114.9,0.1,7173
405,2022-12-16,12792990,1442269090,112.5,113.3,112.25,113.0,-1.9,20877
406,2022-12-19,6504872,731424488,112.35,112.95,112.0,112.35,-0.65,10865
407,2022-12-20,13446289,1495479453,112.15,112.5,110.05,110.3,-2.05,24270
408,2022-12-21,12203031,1350469821,110.8,111.4,110.3,110.75,0.45,13065
409,2022-12-22,5166548,580351057,111.75,112.75,111.75,112.6,1.85,5881
410,2022-12-23,6556232,725974713,110.7,111.05,110.4,110.7,-1.9,13445
411,2022-12-26,4258430,472402011,110.8,111.2,110.7,111.1,0.4,8121
412,2022-12-27,4269800,477679306,111.4,112.25,111.4,111.6,0.5,5136
413,2022-12-28,13002156,1428236786,110.5,110.5,109.4,110.0,-1.6,19157
414,2022-12-29,14342647,1562777609,109.2,109.6,108.4,109.5,-0.5,15143
415,2022-12-30,8890361,982130895,110.6,110.75,110.2,110.2,0.7,7376
416,2023-01-03,15272877,1673263794,109.6,110.9,108.45,110.75,0.55,13899
417,2023-01-04,14211742,1569704151,110.3,110.8,110.1,110.5,-0.25,11908
418,2023-01-05,12395862,1379134974,111.25,111.7,110.95,111.3,0.8,10075
419,2023-01-06,11826560,1321964557,111.2,112.2,111.15,111.8,0.5,9838
420,2023-01-09,15649173,1796709538,114.0,115.8,113.9,115.8,4.0,16946
421,2023-01-10,12427863,1442160806,115.95,116.4,115.75,116.25,0.45,13729
422,2023-01-11,15849620,1841541741,116.65,116.75,115.9,116.35,0.1,9631
423,2023-01-12,10249887,1189043911,116.5,116.6,115.65,115.85,-0.5,9044
424,2023-01-13,28912072,3396535255,118.5,118.6,116.95,117.2,1.35,15940
425,2023-01-16,28203249,3334058723,118.1,118.55,118.0,118.1,0.9,20855
426,2023-01-17,14600817,1723846104,118.35,118.35,117.8,118.1,0.0,16373
427,2023-01-30,44330389,5335880299,120.8,121.0,120.0,120.7,0.0,31199
428,2023-01-31,22474562,2681531250,120.6,120.6,118.3,118.3,-2.4,23552
429,2023-02-01,6903171,821124932,119.1,119.45,118.45,119.0,0.7,8921
430,2023-02-02,16194958,1956007315,120.3,121.1,120.25,121.0,2.0,15931
431,2023-02-03,9934984,1200856481,120.95,121.2,120.2,121.0,0.0,10997
432,2023-02-06,14297030,1709758781,120.1,120.1,119.25,119.25,-1.75,25811
433,2023-02-07,8787291,1045314027,119.1,119.25,118.55,119.0,-0.25,13540
434,2023-02-08,9239321,1114132382,120.1,120.95,120.0,120.85,1.85,8739
435,2023-02-09,5032245,607543546,120.5,121.0,120.3,120.9,0.05,7141
436,2023-02-10,6572526,794912205,120.9,121.1,120.6,121.0,0.1,9368
437,2023-02-13,4149906,499573936,120.7,120.9,119.9,120.75,-0.25,8262
438,2023-02-14,7965786,968395750,121.25,121.8,121.25,121.65,0.9,8497
439,2023-02-15,13852368,1653181275,119.95,120.25,118.8,118.85,-2.8,33160
440,2023-02-16,11233273,1349768658,119.3,120.5,119.3,120.3,1.45,14038
441,2023-02-17,8960233,1064028251,119.3,119.3,118.4,118.75,-1.55,22127
442,2023-02-20,6230136,741121308,118.55,119.35,118.1,119.0,0.25,11499
443,2023-02-21,4772315,567003197,119.0,119.1,118.55,118.95,-0.05,9128
444,2023-02-22,12041784,1414076263,117.5,117.75,117.1,117.65,-1.3,24996
445,2023-02-23,6448658,768858699,117.95,119.8,117.95,119.4,1.75,8273
446,2023-02-24,5828709,695430436,119.9,120.1,118.8,118.8,-0.6,9038
447,2023-03-01,7996077,945839757,117.3,119.45,116.85,119.35,0.55,14283
448,2023-03-02,3750827,446314792,119.35,119.35,118.3,119.25,-0.1,7974
449,2023-03-03,3341290,399317811,119.8,120.1,119.2,119.35,0.1,6234
450,2023-03-06,9805282,1180244684,120.15,120.9,119.9,120.5,1.15,13204
451,2023-03-07,7894646,955038720,120.55,121.4,120.2,121.3,0.8,10888
452,2023-03-08,6752736,811622845,120.5,120.6,119.8,120.3,-1.0,12824
453,2023-03-09,3505542,422340774,120.75,120.8,120.2,120.2,-0.1,6100
454,2023-03-10,15018299,1778354150,118.85,118.95,118.0,118.3,-1.9,36674
455,2023-03-13,19295272,2287800081,117.95,119.1,117.4,118.8,0.5,23098
456,2023-03-14,12145943,1427615281,117.55,117.95,117.15,117.5,-1.3,25237
457,2023-03-15,12613249,1487783616,118.4,118.7,117.45,117.6,0.1,16012
458,2023-03-16,16683826,1950310995,117.2,117.4,116.5,117.05,-0.55,26799
459,2023-03-17,11087333,1312228564,117.85,118.95,117.8,118.95,1.9,10331
460,2023-03-20,7527505,889553151,118.95,119.05,117.85,118.1,-0.85,12258
461,2023-03-21,3732049,442410377,118.5,118.75,118.2,118.65,0.55,5260
462,2023-03-22,15003597,1807359927,119.45,120.9,119.45,120.9,2.25,14407
463,2023-03-23,16090498,1955072279,120.65,122.3,120.45,121.85,0.95,13085
464,2023-03-24,13919981,1697778467,122.0,122.3,121.55,122.2,0.35,10776
465,2023-03-27,11001040,1336572588,121.75,121.9,121.2,121.45,-0.75,13372
466,2023-03-28,10125868,1219702746,120.95,121.15,120.2,120.4,-1.05,10337
467,2023-03-29,3255113,392661248,120.65,121.05,120.15,120.6,0.2,4859
468,2023-03-30,11586756,1404541104,121.4,121.7,120.75,121.2,0.6,9046
469,2023-03-31,15218318,1853800317,121.7,122.35,121.4,121.6,0.4,11286
470,2023-04-06,8076540,975648621,120.85,121.0,120.2,121.0,-0.6,15029
471,2023-04-07,4623088,559443394,121.25,121.45,120.8,121.0,0.0,6781
472,2023-04-10,4503497,545831612,121.25,121.65,120.9,121.0,0.0,10059
473,2023-04-11,6233410,753799317,121.0,121.15,120.4,120.85,-0.15,7741
474,2023-04-12,3247078,391083845,120.85,120.85,120.15,120.55,-0.3,8438
475,2023-04-13,7509494,899888595,120.05,120.15,119.5,119.5,-1.05,20441
476,2023-04-14,3289954,396239471,120.0,120.9,119.85,120.65,1.15,5326
477,2023-04-17,6061114,728092733,120.35,120.5,119.8,120.35,-0.3,10622
478,2023-04-18,5183750,621931940,120.35,120.4,119.75,119.95,-0.4,8973
479,2023-04-19,8700172,1037538973,120.0,120.05,118.8,119.05,-0.9,22007
480,2023-04-20,7081813,841412699,118.85,119.4,118.4,118.9,-0.15,14761
481,2023-04-21,5326801,633413325,119.45,119.55,118.5,118.6,-0.3,11296
482,2023-04-24,7308582,863114882,117.8,118.5,117.7,118.15,-0.45,16153
483,2023-04-25,21039325,2465027235,118.3,118.3,116.55,116.6,-1.55,50500
484,2023-04-26,14209529,1647263712,116.55,116.6,115.65,116.1,-0.5,27918
485,2023-04-27,10274310,1192417644,116.05,116.65,115.5,116.0,-0.1,16910
486,2023-04-28,6023403,705691455,116.85,117.55,116.85,117.4,1.4,8752
487,2023-05-02,5572977,655524087,117.45,118.0,117.1,117.7,0.3,9964
488,2023-05-03,4652271,544828139,117.35,117.35,116.8,117.2,-0.5,13074
489,2023-05-04,3888293,455688616,117.0,117.5,116.7,117.5,0.3,6451
490,2023-05-05,2550129,300346321,117.7,118.05,117.4,117.8,0.3,7918
491,2023-05-08,6287398,746027147,118.5,118.9,118.35,118.55,0.75,8772
492,2023-05-09,4828179,573008011,118.6,119.0,118.3,118.9,0.35,5793
493,2023-05-10,4685154,553250294,118.8,118.8,117.65,117.8,-1.1,14060
494,2023-05-11,4031551,475242643,118.25,118.45,117.55,117.55,-0.25,9465
495,2023-05-12,4251764,497565809,117.15,117.5,116.75,117.2,-0.35,10633
496,2023-05-15,4584892,536438630,116.95,117.35,116.65,117.2,0.0,11605
497,2023-05-16,8154133,966494663,117.9,119.0,117.85,118.6,1.4,8206
498,2023-05-17,26759613,3216484995,118.65,120.7,118.65,120.55,1.95,19879
499,2023-05-18,23085737,2818081711,121.8,122.4,121.6,122.15,1.6,18679
500,2023-05-19,34913145,4278148441,122.6,122.85,122.2,122.5,0.35,15521
501,2023-05-22,18271130,2235344218,122.5,122.65,122.1,122.3,-0.2,13613
502,2023-05-23,12550223,1533549326,122.3,122.65,121.8,122.2,-0.1,9154
503,2023-05-24,11115015,1349345830,121.65,121.8,121.1,121.6,-0.6,11398
504,2023-05-25,12032587,1479717457,123.0,123.4,122.45,123.05,1.45,12230
505,2023-05-26,25082491,3153789783,125.0,126.05,125.0,125.95,2.9,22847
506,2023-05-29,15208057,1929832310,127.45,127.55,126.5,126.75,0.8,12780
507,2023-05-30,12627196,1600974723,126.75,127.05,126.45,126.75,0.0,11246
508,2023-05-31,9229280,1162014425,126.7,126.7,125.15,126.15,-0.6,8924
509,2023-06-01,4231123,529306119,125.35,125.6,124.9,125.15,-1.0,9059
510,2023-06-02,8412015,1064911699,125.8,127.0,125.8,126.75,1.6,8688
511,2023-06-05,6813168,862022046,126.75,126.8,126.25,126.35,-0.4,12612
512,2023-06-06,6877372,872451559,126.35,127.25,126.15,126.7,0.35,8845
513,2023-06-07,12723827,1627013314,127.0,128.25,127.0,128.1,1.4,13016
514,2023-06-08,5592606,712598286,127.9,128.2,126.55,126.85,-1.25,11699
515,2023-06-09,5862280,749792405,127.5,128.2,127.4,127.8,0.95,6506
516,2023-06-12,14318994,1847755997,128.5,129.3,128.5,129.0,1.2,15620
517,2023-06-13,24673560,3237838070,130.2,131.95,130.2,131.55,2.55,20840
518,2023-06-14,7065011,928061839,131.4,131.6,131.0,131.5,-0.05,9345
519,2023-06-15,11515134,1517768461,131.55,132.0,131.5,131.9,0.4,11361
520,2023-06-16,7586911,997115026,131.8,131.8,131.1,131.55,-0.35,10734
521,2023-06-19,6339672,831339915,130.95,131.5,130.55,131.25,-0.3,9046
522,2023-06-20,6966617,910631085,131.1,131.25,130.35,130.55,-0.7,11014
523,2023-06-21,26907844,3512494232,130.55,131.05,130.25,130.55,0.0,19627
524,2023-06-26,7961459,1033662089,130.35,130.35,129.4,129.75,-0.8,14775
525,2023-06-27,7065960,911566544,129.15,129.55,128.7,128.9,-0.85,11856
526,2023-06-28,5943784,767169941,129.35,129.7,128.8,129.1,0.2,6875
527,2023-06-29,6037292,781610723,129.75,130.5,128.9,129.05,-0.05,8210
528,2023-06-30,7504016,964915657,128.8,129.1,128.3,129.1,0.05,11593
529,2023-07-03,6979683,910555077,129.6,130.7,129.6,130.7,1.6,9688
530,2023-07-04,5919797,774846909,130.75,131.15,130.55,131.0,0.3,6440
531,2023-07-05,5405909,706996255,131.0,131.2,130.4,130.8,-0.2,10839
532,2023-07-06,18056472,2319934035,129.7,129.7,127.7,127.9,-2.9,35216
533,2023-07-07,8691413,1108433002,127.55,128.3,127.1,127.7,-0.2,15852
534,2023-07-10,8506247,1087197872,128.1,128.5,127.0,127.45,-0.25,15866
535,2023-07-11,4784843,616545942,128.0,129.2,128.0,129.2,1.75,7165
536,2023-07-12,3615026,467234931,129.3,129.45,128.85,129.45,0.25,5255
537,2023-07-13,16226020,2133901327,131.3,131.9,130.85,130.9,1.45,11990
538,2023-07-14,15492527,2045651027,131.45,132.5,131.45,132.25,1.35,12488
539,2023-07-17,15718027,2074554911,132.0,132.2,131.75,132.0,-0.25,14370
540,2023-07-18,11349805,1476866383,131.0,131.0,129.7,129.85,0.0,13808
541,2023-07-19,14711894,1904179858,130.15,130.5,128.75,128.75,-1.1,13734
542,2023-07-20,4065413,526047896,129.05,129.7,129.0,129.35,0.6,6617
543,2023-07-21,14040621,1783482811,127.4,127.4,126.5,127.2,-2.15,26081
544,2023-07-24,10275826,1306214864,127.0,127.65,126.6,127.25,0.05,13810
545,2023-07-25,7215119,928837067,127.7,129.2,127.7,128.85,1.6,9939
546,2023-07-26,4653101,599322518,129.1,129.2,128.35,128.5,-0.35,7505
547,2023-07-27,4193242,542308226,129.15,129.5,129.0,129.5,1.0,5407
548,2023-07-28,2941994,380885090,129.4,129.9,129.0,129.5,0.0,5786
549,2023-07-31,7751452,1003262971,130.3,130.65,128.25,128.8,-0.7,11911
550,2023-08-01,4681935,605687341,129.0,129.55,128.85,129.45,0.65,5568
551,2023-08-02,13214168,1691372960,129.4,129.45,127.45,127.85,-1.6,25553
552,2023-08-04,7590841,965724465,127.25,127.5,126.9,127.25,-0.6,17688
553,2023-08-07,4928020,632072444,127.65,128.7,127.55,128.5,1.25,9990
554,2023-08-08,11518036,1462740267,128.1,128.2,126.4,127.0,-1.5,22299
555,2023-08-09,3923514,498949221,126.8,127.65,126.65,127.2,0.2,6570
556,2023-08-10,12013887,1520233956,126.9,127.0,126.3,126.4,-0.8,24030
557,2023-08-11,8352738,1057052710,127.0,127.35,126.15,126.3,-0.1,14891
558,2023-08-14,24758060,3085645422,125.65,125.7,124.1,124.5,-1.8,45116
559,2023-08-15,8064361,1007886002,125.25,125.45,124.6,124.7,0.2,13972
560,2023-08-16,19265218,2386950619,124.15,124.4,123.6,124.05,-0.65,28773
561,2023-08-17,10203696,1262107790,123.6,124.65,122.9,124.6,0.55,14568
562,2023-08-18,8329354,1033129605,124.2,124.8,123.7,123.85,-0.75,15609
563,2023-08-21,11056378,1364733615,124.2,124.45,123.0,123.0,-0.85,22157
564,2023-08-22,3869049,479695909,124.0,124.35,123.7,124.0,1.0,5903
565,2023-08-23,6976770,870807674,124.0,125.15,124.0,124.85,0.85,6513
566,2023-08-24,7038124,892217306,126.4,127.1,126.25,127.0,2.15,9358
567,2023-08-25,8003807,1000262751,125.5,125.5,124.5,124.55,-2.45,19366
568,2023-08-28,4490279,563092008,124.85,125.7,124.75,125.35,0.8,5969
569,2023-08-29,6680673,837437077,126.0,126.05,124.7,126.05,0.7,5747
570,2023-08-30,5913148,748785529,126.75,127.05,126.1,126.6,0.55,5496
571,2023-08-31,4631756,582873215,126.55,126.55,125.5,125.7,-0.9,7284
572,2023-09-01,3298119,415112581,125.5,126.3,125.1,125.9,0.2,5596
573,2023-09-04,3707169,468203099,125.9,126.8,125.6,126.75,0.85,7338
574,2023-09-05,3941418,497786566,126.55,126.6,126.05,126.45,-0.3,8573
575,2023-09-06,7625626,961803907,126.6,126.7,125.85,126.0,-0.45,9559
576,2023-09-07,6411794,801664974,125.3,125.5,124.7,124.85,-1.15,17083
577,2023-09-08,6199055,769574529,124.1,124.5,123.85,124.3,-0.55,14188
578,2023-09-11,9428969,1166557903,124.45,124.5,123.4,123.8,-0.5,24971
579,2023-09-12,2805462,349339590,124.1,125.05,123.85,125.05,1.25,6181
580,2023-09-13,3406028,426207684,125.2,125.6,124.7,125.2,0.15,6039
581,2023-09-14,7617917,963664074,125.9,126.95,125.55,126.95,1.75,8115
582,2023-09-15,6105752,776049821,127.0,127.35,126.75,127.35,0.4,9240
583,2023-09-18,7560656,953950294,126.6,126.6,125.85,126.0,-1.35,12370
584,2023-09-19,4357933,547352485,125.85,126.05,125.35,125.45,-0.55,8893
585,2023-09-20,6502123,811431441,125.05,125.2,124.5,124.75,-0.7,13555
586,2023-09-21,23194776,2852690919,123.8,123.85,122.65,122.75,-2.0,42629
587,2023-09-22,10344025,1266304522,122.45,122.8,122.05,122.65,-0.1,17251
588,2023-09-25,4337416,534903153,122.75,123.75,122.75,123.55,0.9,9173
589,2023-09-26,11388965,1392938598,122.65,123.0,122.0,122.1,-1.45,27278
590,2023-09-27,7068444,862259747,121.85,122.3,121.55,122.15,0.05,11732
591,2023-09-28,5881478,720853929,122.75,123.15,122.05,122.65,0.5,8062
592,2023-10-02,6751292,838587439,123.6,124.5,123.6,124.25,1.6,9457
593,2023-10-03,5464302,676825581,123.95,124.15,123.45,123.5,-0.75,9863
594,2023-10-04,12322148,1500309693,122.1,122.2,121.35,121.9,-1.6,23810
595,2023-10-05,4410768,543373343,122.4,123.65,122.4,123.65,1.75,8646
596,2023-10-06,5059285,627964218,123.8,124.3,123.8,124.1,0.45,6632
597,2023-10-11,14193410,1790523768,125.9,126.4,125.85,126.25,2.15,15854
598,2023-10-12,14896995,1891391381,126.5,127.35,126.3,127.3,1.05,12866
599,2023-10-13,6625556,841318386,127.0,127.4,126.5,126.95,-0.35,7770
600,2023-10-16,8160811,1028565397,126.3,126.3,125.7,126.25,-0.7,12161
601,2023-10-17,7017073,888838340,126.7,127.0,126.4,126.55,0.3,4946
602,2023-10-18,10455744,1309803222,126.25,126.25,124.8,124.8,-1.75,12920
603,2023-10-19,8052218,1005789594,124.4,125.2,124.4,124.85,0.05,5999
604,2023-10-20,4697636,585353175,124.75,125.45,123.9,125.4,0.55,8889
605,2023-10-23,8728531,1081610006,124.85,124.85,123.55,123.85,-1.55,17221
606,2023-10-24,7671925,946216726,123.8,123.95,122.7,123.95,0.1,12393
607,2023-10-25,4229277,526223763,124.2,124.9,124.2,124.2,0.25,6992
608,2023-10-26,24072723,2932698311,121.85,122.4,121.6,121.75,-2.45,41829
609,2023-10-27,4413646,540170286,122.15,122.75,122.1,122.3,0.55,8453
610,2023-10-30,9793200,1196075934,122.4,122.85,121.75,122.0,-0.3,14083
611,2023-10-31,11952747,1453195970,122.4,122.45,121.1,121.15,-0.85,23607
612,2023-11-01,4851033,590621617,122.0,122.15,121.25,121.75,0.6,9873
613,2023-11-02,10198429,1264950789,123.15,124.5,123.15,124.5,2.75,9411
614,2023-11-03,9126443,1142874376,125.0,125.6,124.7,125.45,0.95,10102
615,2023-11-06,16723502,2122057421,126.55,127.2,126.35,126.55,1.1,18001
616,2023-11-07,6787466,858536486,126.5,126.8,126.1,126.5,-0.05,6880
617,2023-11-08,11598430,1474341891,126.65,127.45,126.5,127.2,0.7,10111
618,2023-11-09,6557452,833538185,126.9,127.4,126.65,127.25,0.05,6909
619,2023-11-10,4553684,576769594,126.7,126.85,126.4,126.75,-0.5,8757
620,2023-11-13,26195241,3377923072,129.25,129.6,128.5,128.7,1.95,17363
621,2023-11-14,20924489,2705445757,129.2,129.6,128.95,129.0,0.3,14287
622,2023-11-15,23631311,3088480462,130.9,131.0,130.05,130.55,1.55,19145
623,2023-11-16,18984999,2481132692,130.8,131.2,130.3,130.6,0.05,13230
624,2023-11-17,27988384,3673563109,130.6,131.5,130.55,131.0,0.4,14272
625,2023-11-20,8981513,1174727729,131.05,131.05,130.45,130.95,-0.05,9185
626,2023-11-21,29656930,3927372905,131.45,132.7,131.45,132.55,1.6,20483
627,2023-11-22,6466066,850217906,131.25,131.8,131.15,131.35,-1.2,8435
628,2023-11-23,6536128,857653472,131.35,131.45,130.75,131.3,-0.05,6940
629,2023-11-24,13467831,1768269652,131.3,131.65,131.05,131.2,-0.1,4898
630,2023-11-27,9897650,1294524691,131.2,131.85,130.1,130.35,-0.85,13117
631,2023-11-28,9871026,1294408032,130.4,131.8,130.3,131.25,0.9,8229
632,2023-11-29,6856869,901479551,131.3,132.2,131.05,131.15,-0.1,6371
633,2023-11-30,11141866,1461693142,131.3,131.5,130.65,131.35,0.2,7269
634,2023-12-01,5597363,735215490,131.0,131.8,130.8,131.8,0.45,7516
635,2023-12-04,4696605,616828082,131.8,132.0,130.9,131.3,-0.5,8297
636,2023-12-05,5239029,681967654,130.6,130.6,129.9,130.35,-0.95,11762
637,2023-12-06,7348212,961804130,130.4,131.4,130.4,130.8,0.45,6585
638,2023-12-07,3015451,392931187,130.6,130.65,130.0,130.0,-0.8,7413
639,2023-12-08,13264049,1741413382,131.15,131.6,130.9,131.05,1.05,7072
640,2023-12-11,3510751,459990205,131.05,131.35,130.65,131.2,0.15,9233
641,2023-12-12,5725775,754266762,131.9,132.05,131.35,131.5,0.3,5918
642,2023-12-13,3169648,417085408,131.6,131.8,131.4,131.55,0.05,5792
643,2023-12-14,32957343,4385238569,132.65,133.45,132.5,133.15,1.6,16680
644,2023-12-15,18914190,2533436503,133.65,134.2,133.65,133.7,0.55,13945
645,2023-12-18,7066751,942681477,133.65,133.9,132.6,133.9,0.2,9533
646,2023-12-19,5870488,781918732,133.8,133.8,132.75,133.4,-0.5,8618
647,2023-12-20,6963954,930578824,133.55,133.85,133.4,133.75,0.35,7452
648,2023-12-21,5619016,743838778,132.2,132.7,132.05,132.6,-1.15,7953
649,2023-12-22,6358269,844967698,132.6,133.1,132.6,132.95,0.35,4882
650,2023-12-25,8406012,1122521003,133.0,133.8,132.95,133.5,0.55,8464
651,2023-12-26,17326648,2325240676,133.5,134.4,133.5,134.25,0.75,11845
652,2023-12-27,30857192,4177189577,134.4,135.9,134.35,135.75,1.5,16671
653,2023-12-28,15353146,2085248437,135.75,136.0,135.45,135.75,0.0,9803
654,2023-12-29,13407035,1819068025,135.7,136.0,135.35,135.45,-0.3,7710
655,2024-01-02,6283610,848793104,135.6,135.95,134.65,134.9,-0.55,10013
656,2024-01-03,14783894,1963126583,133.7,133.9,132.3,132.55,-2.35,25258
657,2024-01-04,4838660,641202865,132.55,132.75,132.3,132.5,-0.05,7094
658,2024-01-05,4566320,604475455,132.55,132.95,132.1,132.15,-0.35,12744
659,2024-01-08,9657556,1285524342,133.0,133.6,132.75,132.75,0.6,9876
660,2024-01-09,5906880,787405208,133.85,133.95,132.75,133.0,0.25,6499
661,2024-01-10,7249096,959855308,132.4,132.65,132.0,132.3,-0.7,13348
662,2024-01-11,5852556,777172314,132.45,133.25,132.35,132.85,0.55,7305
663,2024-01-12,6877839,911710806,132.2,133.05,131.95,132.65,-0.2,9482
664,2024-01-15,12566534,1673280222,133.3,133.55,132.65,133.0,0.35,12513
665,2024-01-16,23016099,3029504121,132.05,132.3,131.1,131.65,-1.35,23835
666,2024-01-17,39219163,5016755779,130.0,130.0,127.3,127.45,0.0,50897
667,2024-01-18,7535303,965672293,127.9,128.55,127.9,128.3,0.85,11151
668,2024-01-19,26897126,3553992205,131.7,133.1,131.1,132.9,4.6,18390
669,2024-01-22,13443533,1799399654,133.8,134.35,133.35,133.8,0.9,12583
670,2024-01-23,7339835,982801681,133.9,134.25,133.5,134.05,0.25,8187
671,2024-01-24,14554385,1953259376,134.15,134.4,133.95,134.0,-0.05,8606
672,2024-01-25,27224110,3687022852,135.05,135.7,134.9,135.65,1.65,20635
673,2024-01-26,16456940,2234146555,135.65,135.95,135.3,135.65,0.0,11391
674,2024-01-29,27291722,3720069370,135.65,136.65,135.6,136.5,0.85,14077
675,2024-01-30,9944399,1356292111,136.35,136.65,136.05,136.15,-0.35,8051
676,2024-01-31,7320760,985961198,135.25,135.3,134.35,134.35,-1.8,11931
677,2024-02-01,8812920,1180328029,134.35,134.5,133.6,134.35,0.0,9600
678,2024-02-02,9178958,1238629170,135.0,135.2,134.65,135.1,0.75,6764
679,2024-02-05,17961425,2439229519,135.1,136.2,135.0,135.95,0.85,16536
680,2024-02-15,44444918,6313384766,142.2,142.7,141.4,142.35,6.4,44592
681,2024-02-16,18273199,2589642250,142.35,142.35,141.2,141.3,-1.05,14623
682,2024-02-19,9632521,1357473487,141.0,141.25,140.6,141.1,-0.2,12669
683,2024-02-20,13875231,1965919655,140.55,142.0,140.4,141.65,0.55,11241
684,2024-02-21,12860271,1817231233,141.4,141.5,141.05,141.2,-0.45,13387
685,2024-02-22,13160126,1875242859,142.95,143.05,141.85,142.8,1.6,13559
686,2024-02-23,19974323,2872323988,143.45,144.1,143.3,143.75,0.95,17595
687,2024-02-26,10368883,1491081396,143.7,144.0,143.0,143.95,0.2,12614
688,2024-02-27,6507934,933504679,143.95,144.2,142.65,143.35,-0.6,10372
689,2024-02-29,7372502,1055974598,143.0,143.95,142.7,143.3,-0.05,10899
690,2024-03-01,9019098,1292041933,143.55,143.95,142.8,142.8,-0.5,11396
691,2024-03-04,25733539,3766826897,145.0,147.2,144.85,146.95,4.15,23900
692,2024-03-05,17270419,2557952404,147.75,148.55,147.35,148.15,1.2,18112
